metric,metric_key,probe,orientation,n_complete_charts,pooled_spearman_dose,mean_within_chart_spearman,mean_maxdose_oriented_delta,median_maxdose_raw_delta,improve_minus_worsen,phase,spec_sha256,source_sha256
reciprocity,reciprocity,C1_timing_jitter,higher_is_better,170,-0.08623932154542588,-0.32496326153083455,-0.01630695669560433,-0.010487682476237284,-0.5588235294117647,development_descriptive,78bdc08cd414195af5e372c0b5c302f56040259d0689789ff135db1e7e1e948f,0babae4e8e0b673ed487a20ce5d90786297ab5ed0632180fbe842c9e927442c7
reciprocity,reciprocity,C1s_sparse_jitter,higher_is_better,170,-0.0017455953428862417,-0.04159113170499674,-0.0011323107680967226,0.0,-0.005882352941176505,development_descriptive,78bdc08cd414195af5e372c0b5c302f56040259d0689789ff135db1e7e1e948f,0babae4e8e0b673ed487a20ce5d90786297ab5ed0632180fbe842c9e927442c7
reciprocity,reciprocity,C2_anchor_shift,higher_is_better,170,-0.00341749552167049,-0.03787435860383505,-0.0006513113380265051,0.0,-0.07058823529411765,development_descriptive,78bdc08cd414195af5e372c0b5c302f56040259d0689789ff135db1e7e1e948f,0babae4e8e0b673ed487a20ce5d90786297ab5ed0632180fbe842c9e927442c7
reciprocity,reciprocity,C3_type_shuffle,higher_is_better,170,-0.18721103622039797,-0.28030186295264403,-0.031033776830735584,-0.026076718123589047,-0.4294117647058824,development_descriptive,78bdc08cd414195af5e372c0b5c302f56040259d0689789ff135db1e7e1e948f,0babae4e8e0b673ed487a20ce5d90786297ab5ed0632180fbe842c9e927442c7
reciprocity,reciprocity,C4_loop_collapse,higher_is_better,170,-0.6121628014587127,-0.8891391621740087,-0.0860732013328561,-0.0716251989405522,-0.9352941176470588,development_descriptive,78bdc08cd414195af5e372c0b5c302f56040259d0689789ff135db1e7e1e948f,0babae4e8e0b673ed487a20ce5d90786297ab5ed0632180fbe842c9e927442c7
reciprocity,reciprocity,C5_blandification,higher_is_better,170,-0.34963591801035326,-0.5508380003414273,-0.050551773197825355,-0.03853882203775127,-0.6176470588235294,development_descriptive,78bdc08cd414195af5e372c0b5c302f56040259d0689789ff135db1e7e1e948f,0babae4e8e0b673ed487a20ce5d90786297ab5ed0632180fbe842c9e927442c7
reciprocity,reciprocity,C6_density_scale,higher_is_better,170,-0.03376217448281085,-0.16472803711413372,-0.033407952553228475,-0.024359860442048947,-0.6058823529411764,development_descriptive,78bdc08cd414195af5e372c0b5c302f56040259d0689789ff135db1e7e1e948f,0babae4e8e0b673ed487a20ce5d90786297ab5ed0632180fbe842c9e927442c7
reciprocity,reciprocity,C7_burst_insert,higher_is_better,170,-0.052889208531245804,-0.35117015790722234,-0.011454222240972322,-0.006437945674534248,-0.5352941176470588,development_descriptive,78bdc08cd414195af5e372c0b5c302f56040259d0689789ff135db1e7e1e948f,0babae4e8e0b673ed487a20ce5d90786297ab5ed0632180fbe842c9e927442c7
reciprocity,reciprocity,C8_bar_shuffle,higher_is_better,170,-0.5055849414438706,-0.6754850325413745,-0.07076921808329363,-0.06267224830546955,-0.8058823529411765,development_descriptive,78bdc08cd414195af5e372c0b5c302f56040259d0689789ff135db1e7e1e948f,0babae4e8e0b673ed487a20ce5d90786297ab5ed0632180fbe842c9e927442c7
stagnation_alienation,boredom_v2_raw,C1_timing_jitter,higher_is_better,170,-0.0074545991051146515,-0.11745077695016651,-0.001630309279029313,0.0,-0.11764705882352941,development_descriptive,78bdc08cd414195af5e372c0b5c302f56040259d0689789ff135db1e7e1e948f,0babae4e8e0b673ed487a20ce5d90786297ab5ed0632180fbe842c9e927442c7
stagnation_alienation,boredom_v2_raw,C1s_sparse_jitter,higher_is_better,170,0.00011391285227241175,-0.009769115562576567,-0.0025673908487121554,0.0,-0.02941176470588236,development_descriptive,78bdc08cd414195af5e372c0b5c302f56040259d0689789ff135db1e7e1e948f,0babae4e8e0b673ed487a20ce5d90786297ab5ed0632180fbe842c9e927442c7
stagnation_alienation,boredom_v2_raw,C2_anchor_shift,higher_is_better,170,0.010061196389677087,-0.008663490585601794,0.0033300126517480737,0.0,0.0,development_descriptive,78bdc08cd414195af5e372c0b5c302f56040259d0689789ff135db1e7e1e948f,0babae4e8e0b673ed487a20ce5d90786297ab5ed0632180fbe842c9e927442c7
stagnation_alienation,boredom_v2_raw,C3_type_shuffle,higher_is_better,170,-0.16125947572723848,-0.2875337604023857,-0.05166832272450325,0.04959016393442624,-0.4235294117647058,development_descriptive,78bdc08cd414195af5e372c0b5c302f56040259d0689789ff135db1e7e1e948f,0babae4e8e0b673ed487a20ce5d90786297ab5ed0632180fbe842c9e927442c7
stagnation_alienation,boredom_v2_raw,C4_loop_collapse,higher_is_better,170,-0.9235501806851827,-0.9981715316658939,-0.6551014742639619,0.6666666666666667,-1.0,development_descriptive,78bdc08cd414195af5e372c0b5c302f56040259d0689789ff135db1e7e1e948f,0babae4e8e0b673ed487a20ce5d90786297ab5ed0632180fbe842c9e927442c7
stagnation_alienation,boredom_v2_raw,C5_blandification,higher_is_better,170,-0.41143644486844383,-0.5097161535384597,-0.3102643520490781,0.24999999999999997,-0.5764705882352941,development_descriptive,78bdc08cd414195af5e372c0b5c302f56040259d0689789ff135db1e7e1e948f,0babae4e8e0b673ed487a20ce5d90786297ab5ed0632180fbe842c9e927442c7
stagnation_alienation,boredom_v2_raw,C6_density_scale,higher_is_better,170,-0.1974662601259946,-0.35009545744715787,-0.14173498376263144,0.13310735253005312,-0.6705882352941176,development_descriptive,78bdc08cd414195af5e372c0b5c302f56040259d0689789ff135db1e7e1e948f,0babae4e8e0b673ed487a20ce5d90786297ab5ed0632180fbe842c9e927442c7
stagnation_alienation,boredom_v2_raw,C7_burst_insert,higher_is_better,170,-0.13684570271840857,-0.4501566212287999,-0.045727121038322854,0.03895831018472529,-0.5352941176470589,development_descriptive,78bdc08cd414195af5e372c0b5c302f56040259d0689789ff135db1e7e1e948f,0babae4e8e0b673ed487a20ce5d90786297ab5ed0632180fbe842c9e927442c7
stagnation_alienation,boredom_v2_raw,C8_bar_shuffle,higher_is_better,170,-0.12921313604857804,-0.31156764045959173,-0.05643010627569841,0.05246209342446764,-0.4294117647058824,development_descriptive,78bdc08cd414195af5e372c0b5c302f56040259d0689789ff135db1e7e1e948f,0babae4e8e0b673ed487a20ce5d90786297ab5ed0632180fbe842c9e927442c7
density_energy_response,density_energy_spearman,C1_timing_jitter,higher_is_better,170,-0.01756580882147376,-0.1090684182163256,-0.008615220321936378,-0.006124925795547964,-0.1941176470588235,development_descriptive,78bdc08cd414195af5e372c0b5c302f56040259d0689789ff135db1e7e1e948f,46d2f6acea1184f6d1c995a0ef4738e5c9b239c61d3609e764e8cfff1c564298
density_energy_response,density_energy_spearman,C1s_sparse_jitter,higher_is_better,170,-0.001554568513420297,-0.07895919314586057,-0.0007639097873761561,0.0,-0.11176470588235296,development_descriptive,78bdc08cd414195af5e372c0b5c302f56040259d0689789ff135db1e7e1e948f,46d2f6acea1184f6d1c995a0ef4738e5c9b239c61d3609e764e8cfff1c564298
density_energy_response,density_energy_spearman,C2_anchor_shift,higher_is_better,170,0.00044225127266312255,0.009112901991076275,0.00019708492953792096,0.0,0.011764705882352941,development_descriptive,78bdc08cd414195af5e372c0b5c302f56040259d0689789ff135db1e7e1e948f,46d2f6acea1184f6d1c995a0ef4738e5c9b239c61d3609e764e8cfff1c564298
density_energy_response,density_energy_spearman,C3_type_shuffle,higher_is_better,170,0.0,0.0,0.0,0.0,0.0,development_descriptive,78bdc08cd414195af5e372c0b5c302f56040259d0689789ff135db1e7e1e948f,46d2f6acea1184f6d1c995a0ef4738e5c9b239c61d3609e764e8cfff1c564298
density_energy_response,density_energy_spearman,C4_loop_collapse,higher_is_better,170,0.0,0.0,0.0,0.0,0.0,development_descriptive,78bdc08cd414195af5e372c0b5c302f56040259d0689789ff135db1e7e1e948f,46d2f6acea1184f6d1c995a0ef4738e5c9b239c61d3609e764e8cfff1c564298
density_energy_response,density_energy_spearman,C5_blandification,higher_is_better,170,0.0,0.0,0.0,0.0,0.0,development_descriptive,78bdc08cd414195af5e372c0b5c302f56040259d0689789ff135db1e7e1e948f,46d2f6acea1184f6d1c995a0ef4738e5c9b239c61d3609e764e8cfff1c564298
density_energy_response,density_energy_spearman,C6_density_scale,higher_is_better,170,0.004623462627247097,-0.06,-0.018780326833819132,-0.012353013991723324,-0.28235294117647064,development_descriptive,78bdc08cd414195af5e372c0b5c302f56040259d0689789ff135db1e7e1e948f,46d2f6acea1184f6d1c995a0ef4738e5c9b239c61d3609e764e8cfff1c564298
density_energy_response,density_energy_spearman,C7_burst_insert,higher_is_better,170,-0.09229503511261089,-0.3423529411764706,-0.04419783074671999,-0.037816548440473774,-0.4705882352941177,development_descriptive,78bdc08cd414195af5e372c0b5c302f56040259d0689789ff135db1e7e1e948f,46d2f6acea1184f6d1c995a0ef4738e5c9b239c61d3609e764e8cfff1c564298
density_energy_response,density_energy_spearman,C8_bar_shuffle,higher_is_better,170,-0.38623334680746363,-0.5847058823529412,-0.1888747752471952,-0.1810582308931404,-0.6588235294117648,development_descriptive,78bdc08cd414195af5e372c0b5c302f56040259d0689789ff135db1e7e1e948f,46d2f6acea1184f6d1c995a0ef4738e5c9b239c61d3609e764e8cfff1c564298
run_head_onset_support,energy_support_rate_raw,C1_timing_jitter,higher_is_better,170,-0.01743230128048397,-0.006951875788200745,-0.0021751274536490426,0.0,-0.0117647058823529,development_descriptive,78bdc08cd414195af5e372c0b5c302f56040259d0689789ff135db1e7e1e948f,46d2f6acea1184f6d1c995a0ef4738e5c9b239c61d3609e764e8cfff1c564298
run_head_onset_support,energy_support_rate_raw,C1s_sparse_jitter,higher_is_better,170,-0.11634111265265036,-0.23894058008611355,-0.0030482458533206843,0.0,-0.30588235294117644,development_descriptive,78bdc08cd414195af5e372c0b5c302f56040259d0689789ff135db1e7e1e948f,46d2f6acea1184f6d1c995a0ef4738e5c9b239c61d3609e764e8cfff1c564298
run_head_onset_support,energy_support_rate_raw,C2_anchor_shift,higher_is_better,170,-0.5592346818430878,-0.6427865907799317,-0.22366940203176686,-0.219375,-0.8470588235294118,development_descriptive,78bdc08cd414195af5e372c0b5c302f56040259d0689789ff135db1e7e1e948f,46d2f6acea1184f6d1c995a0ef4738e5c9b239c61d3609e764e8cfff1c564298
run_head_onset_support,energy_support_rate_raw,C3_type_shuffle,higher_is_better,170,0.0,0.0,0.0,0.0,0.0,development_descriptive,78bdc08cd414195af5e372c0b5c302f56040259d0689789ff135db1e7e1e948f,46d2f6acea1184f6d1c995a0ef4738e5c9b239c61d3609e764e8cfff1c564298
run_head_onset_support,energy_support_rate_raw,C4_loop_collapse,higher_is_better,170,0.0,0.0,0.0,0.0,0.0,development_descriptive,78bdc08cd414195af5e372c0b5c302f56040259d0689789ff135db1e7e1e948f,46d2f6acea1184f6d1c995a0ef4738e5c9b239c61d3609e764e8cfff1c564298
run_head_onset_support,energy_support_rate_raw,C5_blandification,higher_is_better,170,0.0,0.0,0.0,0.0,0.0,development_descriptive,78bdc08cd414195af5e372c0b5c302f56040259d0689789ff135db1e7e1e948f,46d2f6acea1184f6d1c995a0ef4738e5c9b239c61d3609e764e8cfff1c564298
run_head_onset_support,energy_support_rate_raw,C6_density_scale,higher_is_better,170,-0.29193863512942847,-0.4692334174474909,-0.020914407352804767,-0.017026213470462848,-0.6176470588235294,development_descriptive,78bdc08cd414195af5e372c0b5c302f56040259d0689789ff135db1e7e1e948f,46d2f6acea1184f6d1c995a0ef4738e5c9b239c61d3609e764e8cfff1c564298
run_head_onset_support,energy_support_rate_raw,C7_burst_insert,higher_is_better,170,-0.08840895874938355,-0.40501469600520634,-0.003018136885062302,-0.0002677490472918209,-0.44705882352941173,development_descriptive,78bdc08cd414195af5e372c0b5c302f56040259d0689789ff135db1e7e1e948f,46d2f6acea1184f6d1c995a0ef4738e5c9b239c61d3609e764e8cfff1c564298
run_head_onset_support,energy_support_rate_raw,C8_bar_shuffle,higher_is_better,170,-0.4702892761724597,-0.6924104790448481,-0.05110673527898778,-0.0406896551724138,-0.7764705882352941,development_descriptive,78bdc08cd414195af5e372c0b5c302f56040259d0689789ff135db1e7e1e948f,46d2f6acea1184f6d1c995a0ef4738e5c9b239c61d3609e764e8cfff1c564298
human_chart_gap,manifold_gap_raw,C1_timing_jitter,higher_is_better,170,-0.14185319394032034,-0.30470588235294116,-2.6824725533402978,0.10969313888546628,-0.411764705882353,development_descriptive,78bdc08cd414195af5e372c0b5c302f56040259d0689789ff135db1e7e1e948f,46d2f6acea1184f6d1c995a0ef4738e5c9b239c61d3609e764e8cfff1c564298
human_chart_gap,manifold_gap_raw,C1s_sparse_jitter,higher_is_better,170,-0.08624771868553452,-0.1776925236780995,-0.9950336001618382,0.014254584092886269,-0.23529411764705888,development_descriptive,78bdc08cd414195af5e372c0b5c302f56040259d0689789ff135db1e7e1e948f,46d2f6acea1184f6d1c995a0ef4738e5c9b239c61d3609e764e8cfff1c564298
human_chart_gap,manifold_gap_raw,C2_anchor_shift,higher_is_better,170,-2.680294376363618e-05,0.019585268085535394,4.208752300806281e-05,0.0,-0.017647058823529405,development_descriptive,78bdc08cd414195af5e372c0b5c302f56040259d0689789ff135db1e7e1e948f,46d2f6acea1184f6d1c995a0ef4738e5c9b239c61d3609e764e8cfff1c564298
human_chart_gap,manifold_gap_raw,C3_type_shuffle,higher_is_better,170,-0.43179120536203325,-0.7094117647058823,-2.460106003219303,1.71318251358049,-0.8352941176470587,development_descriptive,78bdc08cd414195af5e372c0b5c302f56040259d0689789ff135db1e7e1e948f,46d2f6acea1184f6d1c995a0ef4738e5c9b239c61d3609e764e8cfff1c564298
human_chart_gap,manifold_gap_raw,C4_loop_collapse,higher_is_better,170,-0.4817011539855692,-0.6067569605767678,-3.986466299998891,3.008035634972042,-0.8117647058823529,development_descriptive,78bdc08cd414195af5e372c0b5c302f56040259d0689789ff135db1e7e1e948f,46d2f6acea1184f6d1c995a0ef4738e5c9b239c61d3609e764e8cfff1c564298
human_chart_gap,manifold_gap_raw,C5_blandification,higher_is_better,170,-0.20601211373146666,-0.10588235294117647,-0.573889501158429,0.5178792913501953,-0.3176470588235294,development_descriptive,78bdc08cd414195af5e372c0b5c302f56040259d0689789ff135db1e7e1e948f,46d2f6acea1184f6d1c995a0ef4738e5c9b239c61d3609e764e8cfff1c564298
human_chart_gap,manifold_gap_raw,C6_density_scale,higher_is_better,170,-0.6615772979362139,-0.7705882352941177,-15.727305625456424,7.964599556059769,-0.8588235294117648,development_descriptive,78bdc08cd414195af5e372c0b5c302f56040259d0689789ff135db1e7e1e948f,46d2f6acea1184f6d1c995a0ef4738e5c9b239c61d3609e764e8cfff1c564298
human_chart_gap,manifold_gap_raw,C7_burst_insert,higher_is_better,170,-0.6022696635684399,-0.8035294117647057,-36.39088172048749,44.90476311152214,-0.8823529411764706,development_descriptive,78bdc08cd414195af5e372c0b5c302f56040259d0689789ff135db1e7e1e948f,46d2f6acea1184f6d1c995a0ef4738e5c9b239c61d3609e764e8cfff1c564298
human_chart_gap,manifold_gap_raw,C8_bar_shuffle,higher_is_better,170,-0.2077475873843029,-0.5823529411764706,-1.9466829771044392,0.4771416583706438,-0.6941176470588235,development_descriptive,78bdc08cd414195af5e372c0b5c302f56040259d0689789ff135db1e7e1e948f,46d2f6acea1184f6d1c995a0ef4738e5c9b239c61d3609e764e8cfff1c564298
